iteration,num_groups,num_individual_tutoring,execution_time
1,6,1,8.71192479133606
2,4,1,8.959554195404053
3,13,0,14.038198947906494
4,4,1,11.403887748718262
5,8,0,12.501965761184692
6,8,1,11.589107036590576
7,16,0,15.138964891433716
8,10,0,10.953957796096802
9,6,3,8.97439980506897
10,6,1,8.850667953491211
