iteration,num_groups,num_individual_tutoring,execution_time
1,0,10,0.6920771598815918
2,0,7,0.7826790809631348
3,0,10,0.8175249099731445
4,0,8,0.7801337242126465
5,0,11,0.8028550148010254
6,0,10,0.7383458614349365
7,0,9,0.7343940734863281
8,0,6,0.7229776382446289
9,0,10,0.8034722805023193
10,0,8,0.7264842987060547
